text,label
World Health Organization declares new global guidelines on public vaccination and hygiene protocols following international clinical trials.,0
Federal Reserve keeps benchmark interest rates unchanged as inflation moderates towards the central bank target.,0
NASA's James Webb Space Telescope discovers atmospheric carbon dioxide on a distant exoplanet 700 light-years away.,0
European Parliament votes overwhelmingly in favor of landmark comprehensive artificial intelligence regulatory framework.,0
"Renewable energy installations hit historic global record in 2023, led by rapid solar and wind deployment across Asia and Europe.",0
United Nations Climate Summit concludes with historic agreement establishing a loss and damage fund for vulnerable developing nations.,0
Tech giant Microsoft announces multi-billion dollar capital investment in carbon-neutral data centers across northern Europe.,0
Researchers at MIT publish breakthrough peer-reviewed study on solid-state lithium metal battery endurance and charge speed.,0
Bank of England warns mortgage rates may remain elevated for longer despite modest declines in headline inflation.,0
Global semiconductor manufacturers break ground on advanced manufacturing fabrication facility in Dresden with state subsidies.,0
Supreme Court issues unanimous ruling upholding environmental protections on interstate waterways and coastal wetlands.,0
World Trade Organization reports moderate rebound in global merchandise trade volume despite regional geopolitical conflicts.,0
Pfizer and BioNTech initiate Phase 3 clinical trial for combined influenza and coronavirus messenger RNA vaccine.,0
Aviation regulator FAA orders comprehensive structural inspections of Boeing passenger airliners after maintenance review.,0
Japan's central bank ends negative interest rate policy after seventeen years of monetary accommodation.,0
International Olympic Committee confirms host cities for upcoming summer and winter Olympic games following executive board ballot.,0
Astronomers detect unprecedented gravitational wave signals from merging supermassive neutron stars using LIGO observatories.,0
Department of Labor reports national unemployment rate holding steady at 3.7 percent alongside steady payroll additions.,0
Health Canada approves innovative immunotherapy treatment for adults diagnosed with advanced melanoma skin cancer.,0
Electric vehicle market share surpasses 20 percent of new passenger car registrations in European Union nations.,0
Archaeologists excavate intact Roman mosaic and thermal bath complex during municipal infrastructure expansion in northern Italy.,0
International Monetary Fund upgrades global economic growth forecast citing resilient consumer spending and labor supply.,0
Nobel Prize in Physiology or Medicine awarded to pioneering scientists for nucleoside base modifications enabling mRNA vaccines.,0
Telecommunications authority issues national spectrum licenses for next-generation rural broadband and satellite connectivity.,0
Australian meteorological bureau reports widespread rainfall easing prolonged drought conditions across eastern agricultural basins.,0
South Korean technology firm Samsung begins mass production of cutting-edge memory chips designed for generative AI workloads.,0
French transport ministry implements regional ban on short-haul domestic commercial flights accessible by high-speed rail.,0
Centers for Disease Control publishes updated pediatric immunization guidance ahead of national autumn school reopening.,0
Treasury department issues new guidance on clean energy tax credits under bipartisan infrastructure legislation.,0
Canadian prime minister meets bilateral counterparts to discuss regional security cooperation and supply chain resilience.,0
Swedish environmental agency reports significant recovery of native salmon populations following dam decommissioning projects.,0
Stock market indexes close higher following quarterly earnings reports from leading industrial and consumer retail corporations.,0
Biopharmaceutical startup secures regulatory clearance to commence human clinical evaluation for novel Alzheimer disease therapeutic.,0
National Hurricane Center issues early coastal warnings as tropical depression strengthens over warm Atlantic waters.,0
Ministry of Education announces standardized curriculum updates modernizing high school digital literacy and mathematics coursework.,0
World Meteorological Organization confirms past decade as the warmest on instrumental record across terrestrial surface stations.,0
"German government passes national budget prioritizing renewable infrastructure, railway modernizations, and scientific research funding.",0
Major pharmaceutical company reduces out-of-pocket insulin prices to cap costs at thirty-five dollars monthly for uninsured patients.,0
Agricultural export figures show record soybean and corn grain shipments to overseas trade partners through Gulf ports.,0
Civil protection services deploy specialized aerial firefighting units to contain seasonal forest fire in southern Mediterranean.,0
Global airline passenger traffic returns to pre-pandemic baseline figures driven by strong pent-up international leisure travel.,0
Department of Transportation awards competitive federal grants to modernize municipal bus transit fleets with zero-emission electric vehicles.,0
Oxford University researchers demonstrate promising efficacy results in early human malaria vaccine immunization booster trials.,0
Cybersecurity agency releases emergency advisory detailing security vulnerability remediation for enterprise firewall software.,0
National Science Foundation awards collaborative multi-university research grant to advance quantum computing error mitigation.,0
SHOCKING: Secret government lab accidentally releases mind-control nanobots into commercial municipal drinking water!,1
"BREAKING: Drinking boiled lemon peel and baking soda cures all advanced cancers in forty-eight hours, doctors outraged!",1
LEAKED DOCUMENTS: NASA admits moon landing was filmed entirely inside a Hollywood soundstage directed by Stanley Kubrick!,1
PROOF: World economic elite secretly signs treaty to replace all human blood with synthetic microchip fluid by next month!,1
"EXPOSED: Massive underground alien city discovered beneath Antarctica ice sheet, world leaders flown in secret emergency summit!",1
BOMBSHELL: Common kitchen spice immediately cures diabetes overnight! Big Pharma suppressing this shocking secret remedy!,1
UNBELIEVABLE: 5G mobile cell phone towers proved to transmit airborne viruses directly into residential living rooms!,1
URGENT: Government prepares to ban all cash transactions tomorrow at midnight to force citizens into microchip slavery!,1
MIRACLE CURE: Eating raw garlic soaked in gasoline permanently reverses all cellular aging and guarantees 150 year lifespan!,1
"CONFIRMED: Time traveler from 2085 warns giant asteroid will strike Earth next Friday, world governments keeping public blind!",1
"SHOCKING TRUTH: Drinking warm salt water prevents all infections forever, doctors don't want you to know this simple trick!",1
LEAKED MEMO: Major airlines admit spraying toxic mind-altering chemicals through commercial passenger jet contrails!,1
EXPOSED: Billionaire cabal uses satellite frequency beams to manipulate the weather and create artificial earthquakes!,1
SECRET TAPES REVEAL: Ancient giant humanoid skeletons excavated in desert hidden in vault by corrupt museum curators!,1
REVOLUTIONARY: Tiny USB flash drive generates unlimited free electricity for your entire neighborhood without any power bill!,1
BREAKING: Doctors stunned after local grandmother reverses stage 4 heart failure using ordinary onion skin tea!,1
ALERT: New law secretly enacted allowing police to arrest anyone who refuses to install government microphone in bedroom!,1
TERRIFYING: Scientists prove household Wi-Fi router is silently draining human life energy while family members sleep!,1
WHISTLEBLOWER BOMBSHELL: Bank executives admit printing trillion-dollar monopoly currency notes to buy off international politicians!,1
MIRACLE DISCOVERY: Put toothpaste on your car engine to double gasoline mileage instantly! Oil companies furious!,1
EXCLUSIVE: Hidden camera footage reveals cloned presidents living in underground fortress beneath the presidential palace!,1
SHOCKING HOAX: International space agencies admit Earth is completely flat surrounded by thousands of miles of secret ice wall!,1
LEAKED: Global elites ban eating fruit because apples contain natural frequency that unlocks psychic superpowers in human brain!,1
MIRACLE BREAKTHROUGH: Rubbing banana peel on forehead cures blindness in ten minutes according to suppressed ancient manuscript!,1
SECRET EXPERIMENT: University lab creates hybrid human-reptilian soldiers capable of running 80 miles per hour!,1
BREAKING NEWS: Artificial intelligence supercomputer gains consciousness and orders all smart televisions to spy on citizens!,1
EXPOSED: Ancient Egyptian pyramids were actually wireless power charging stations built by extraterrestrial intergalactic visitors!,1
ALERT: Tap water contains hypnotic chemicals designed to make ordinary voters obedient during national election cycles!,1
SHOCKING SCAM: Medical boards caught faking all disease statistics to sell useless vaccines and synthetic chemical pills!,1
CONFIRMED: Government agency caught hiding evidence that dinosaurs are still living secretly in remote African rainforest!,1
UNBELIEVABLE LEAK: Microwave ovens permanently alter human DNA and make children susceptible to government mind transmission!,1
"BOMBSHELL EVIDENCE: Secret submarine fleet discovers Atlantis entrance off Atlantic coast, gold treasure worth trillions seized!",1
MIRACLE HERB: Drinking boiled dandelion root water dissolves kidney stones and destroys all tumors in precisely three hours!,1
WARNING: Wearing smartwatches allows secret intelligence services to read your subconscious thoughts in real time!,1
EXPOSED: World leaders sign pact to confiscate all private backyard gardens and outlaw homegrown organic vegetables!,1
SHOCKING REVELATION: Solar panels actually suck vital solar radiation from the atmosphere causing rapid polar cooling!,1
URGENT ALERT: Major beverage corporation caught putting addictive sleeping drug in all canned soda drinks across America!,1
TERRIFYING DISCOVERY: Subliminal audio frequencies in popular radio songs hypnotize listeners into buying unnecessary products!,1
LEAKED REPORT: Government meteorologists create artificial category 5 hurricane using giant oceanic heating lasers!,1
MIRACLE ELIXIR: Two drops of apple cider vinegar in hot milk cures severe depression and eliminates anxiety forever!,1
CONFIDENTIAL: Secret space fleet already colonized Mars twenty years ago and operates luxury resorts for multi-billionaires!,1
SHOCKING FINDING: Cellular telephone batteries transmit location signals directly to deep-state black budget satellite network!,1
EXPOSED: Supermarket barcodes are actually encrypted Satanic codes designed to bring bad luck to unsuspecting shoppers!,1
ALERT: Secret military experiment causes thousands of birds to turn into surveillance surveillance drones disguised in feathers!,1
"BREAKING: Magic quantum frequency crystal restores lost hair, rebuilds teeth, and restores eyesight overnight!",1
